Episode (x100),Average Reward,Average Loss
0,160.22231561370606,987.0557288634777
